ID;ID_Design;ID_Driver;;;;;;
1;1;11;;;;;;
2;1;13;;;;;;
3;2;6;;;;;;
4;2;9;;;;;;
5;2;11;;;;;;
6;2;13;;;;;;
7;2;15;;;;;;
8;2;20;;;;;;
9;3;11;;;;;;
10;3;21;;;;;;
11;4;4;;;;;;
12;4;13;;;;;;
13;4;25;;;;;;
14;5;4;;;;;;
15;5;6;;;;;;
16;5;11;;;;;;
17;5;27;;;;;;
18;6;14;;;;;;
19;6;18;;;;;;
20;8;4;;;;;;
21;8;6;;;;;;
22;8;11;;;;;;
23;9;3;;;;;;
24;10;9;;;;;;
25;10;13;;;;;;
26;11;10;;;;;;
27;11;12;;;;;;
28;11;15;;;;;;
29;12;7;;;;;;
30;12;13;;;;;;
31;12;15;;;;;;
32;13;3;;;;;;
33;14;21;;;;;;
34;15;31;;;;;;
35;16;3;;;;;;
36;17;4;;;;;;
37;18;21;;;;;;
38;19;6;;;;;;
39;19;9;;;;;;
40;19;11;;;;;;
41;20;4;;;;;;
42;20;21;;;;;;
43;21;6;;;;;;
44;21;13;;;;;;
45;21;28;;;;;;
46;23;1;;;;;;
47;23;11;;;;;;
48;23;13;;;;;;
49;24;11;;;;;;
50;25;21;;;;;;
51;26;3;;;;;;
52;27;13;;;;;;
53;28;6;;;;;;
54;28;9;;;;;;
55;28;13;;;;;;
56;29;6;;;;;;
57;29;9;;;;;;
58;29;13;;;;;;
59;30;11;;;;;;
60;31;11;;;;;;
61;32;6;;;;;;
62;32;9;;;;;;
63;32;11;;;;;;
64;32;13;;;;;;
65;32;28;;;;;;
66;33;11;;;;;;
67;33;13;;;;;;
68;34;11;;;;;;
69;34;25;;;;;;
70;35;4;;;;;;
71;35;11;;;;;;
72;35;13;;;;;;
73;35;19;;;;;;
74;35;24;;;;;;
75;36;1;;;;;;
76;37;11;;;;;;
77;38;4;;;;;;
78;38;32;;;;;;
79;39;6;;;;;;
80;39;9;;;;;;
81;39;13;;;;;;
82;39;16;;;;;;
83;40;11;;;;;;
84;41;11;;;;;;
85;41;13;;;;;;
86;42;13;;;;;;
87;42;15;;;;;;
88;42;17;;;;;;
89;43;11;;;;;;
90;43;13;;;;;;
91;43;19;;;;;;
92;44;9;;;;;;
93;44;31;;;;;;
94;45;10;;;;;;
95;45;11;;;;;;
96;45;15;;;;;;
97;46;11;;;;;;
98;47;11;;;;;;
99;48;11;;;;;;
100;49;6;;;;;;
101;49;9;;;;;;
102;50;6;;;;;;
103;50;9;;;;;;
104;50;13;;;;;;
105;50;16;;;;;;
106;51;6;;;;;;
107;51;9;;;;;;
108;51;13;;;;;;
109;51;21;;;;;;
110;52;11;;;;;;
111;52;13;;;;;;
112;53;11;;;;;;
113;53;15;;;;;;
114;54;11;;;;;;
115;55;4;;;;;;
116;55;5;;;;;;
117;55;10;;;;;;
118;55;11;;;;;;
119;55;13;;;;;;
120;55;15;;;;;;
121;56;6;;;;;;
122;56;9;;;;;;
123;56;13;;;;;;
124;56;16;;;;;;
125;57;11;;;;;;
126;58;6;;;;;;
127;58;9;;;;;;
128;58;11;;;;;;
129;58;13;;;;;;
130;59;11;;;;;;
131;59;13;;;;;;
132;60;4;;;;;;
133;60;6;;;;;;
134;60;7;;;;;;
135;60;13;;;;;;
136;60;17;;;;;;
137;62;13;;;;;;
138;63;4;;;;;;
139;63;17;;;;;;
140;64;4;;;;;;
141;64;11;;;;;;
142;64;13;;;;;;
143;64;25;;;;;;
144;65;7;;;;;;
145;65;13;;;;;;
146;65;15;;;;;;
147;65;17;;;;;;
148;66;1;;;;;;
149;66;6;;;;;;
150;66;9;;;;;;
151;66;11;;;;;;
152;66;13;;;;;;
153;66;16;;;;;;
154;66;18;;;;;;
155;67;13;;;;;;
156;67;17;;;;;;
157;68;13;;;;;;
158;69;13;;;;;;
159;69;15;;;;;;
160;69;18;;;;;;
161;70;11;;;;;;
162;70;15;;;;;;
163;70;21;;;;;;
164;71;11;;;;;;
165;71;13;;;;;;
166;72;6;;;;;;
167;72;9;;;;;;
168;73;21;;;;;;
169;74;6;;;;;;
170;74;9;;;;;;
171;74;11;;;;;;
172;74;13;;;;;;
173;74;15;;;;;;
174;74;21;;;;;;
175;76;6;;;;;;
176;76;9;;;;;;
177;76;11;;;;;;
178;76;16;;;;;;
179;78;11;;;;;;
180;79;11;;;;;;
181;80;4;;;;;;
182;80;9;;;;;;
183;80;11;;;;;;
184;81;11;;;;;;
185;81;19;;;;;;
186;82;4;;;;;;
187;82;11;;;;;;
188;82;21;;;;;;
189;83;11;;;;;;
190;83;13;;;;;;
191;84;6;;;;;;
192;84;9;;;;;;
193;84;11;;;;;;
194;84;13;;;;;;
195;85;11;;;;;;
196;86;4;;;;;;
197;86;17;;;;;;
198;87;4;;;;;;
199;87;11;;;;;;
200;88;11;;;;;;
201;88;13;;;;;;
202;88;15;;;;;;
203;89;5;;;;;;
204;89;11;;;;;;
205;89;13;;;;;;
206;89;25;;;;;;
207;90;11;;;;;;
208;90;13;;;;;;
209;90;29;;;;;;
210;90;30;;;;;;
211;91;3;;;;;;
212;92;4;;;;;;
213;92;10;;;;;;
214;92;11;;;;;;
215;92;13;;;;;;
216;92;25;;;;;;
217;93;11;;;;;;
218;93;15;;;;;;
219;93;21;;;;;;
220;94;7;;;;;;
221;94;32;;;;;;
222;95;4;;;;;;
223;96;1;;;;;;
224;96;11;;;;;;
225;97;6;;;;;;
226;97;9;;;;;;
227;97;11;;;;;;
228;97;13;;;;;;
229;97;15;;;;;;
230;97;22;;;;;;
231;98;5;;;;;;
232;98;15;;;;;;
233;99;4;;;;;;
234;99;13;;;;;;
235;99;21;;;;;;
236;100;4;;;;;;
237;100;11;;;;;;
238;100;13;;;;;;
239;100;21;;;;;;
240;101;1;;;;;;
241;101;11;;;;;;
242;101;13;;;;;;
243;102;3;;;;;;
244;102;11;;;;;;
245;102;13;;;;;;
246;103;9;;;;;;
247;103;11;;;;;;
248;104;4;;;;;;
249;104;13;;;;;;
250;104;25;;;;;;
251;105;11;;;;;;
252;106;4;;;;;;
253;106;11;;;;;;
254;106;21;;;;;;
255;106;25;;;;;;
256;107;4;;;;;;
257;107;15;;;;;;
258;107;25;;;;;;
259;108;4;;;;;;
260;108;11;;;;;;
261;108;15;;;;;;
262;108;25;;;;;;
263;109;9;;;;;;
264;109;11;;;;;;
265;109;13;;;;;;
266;110;6;;;;;;
267;110;7;;;;;;
268;110;9;;;;;;
269;110;11;;;;;;
270;110;13;;;;;;
271;110;28;;;;;;
272;111;11;;;;;;
273;111;13;;;;;;
274;112;21;;;;;;
275;113;4;;;;;;
276;113;5;;;;;;
277;113;11;;;;;;
278;113;13;;;;;;
279;114;15;;;;;;
280;114;21;;;;;;
281;115;15;;;;;;
282;116;4;;;;;;
283;116;11;;;;;;
284;117;9;;;;;;
285;117;11;;;;;;
286;118;6;;;;;;
287;118;9;;;;;;
288;118;11;;;;;;
289;118;13;;;;;;
290;119;11;;;;;;
291;119;13;;;;;;
292;120;4;;;;;;
293;120;11;;;;;;
294;120;13;;;;;;
295;120;15;;;;;;
296;120;25;;;;;;
297;121;11;;;;;;
298;122;6;;;;;;
299;122;9;;;;;;
300;122;11;;;;;;
301;122;13;;;;;;
302;122;21;;;;;;
303;123;3;;;;;;
304;123;9;;;;;;
305;123;11;;;;;;
306;123;13;;;;;;
307;124;11;;;;;;
308;124;13;;;;;;
309;124;21;;;;;;
310;125;11;;;;;;
311;125;13;;;;;;
312;126;1;;;;;;
313;126;11;;;;;;
314;126;13;;;;;;
315;126;21;;;;;;
316;127;13;;;;;;
317;127;32;;;;;;
318;128;1;;;;;;
319;128;4;;;;;;
320;128;11;;;;;;
321;128;13;;;;;;
322;128;21;;;;;;
323;128;25;;;;;;
324;129;1;;;;;;
325;129;11;;;;;;
326;129;13;;;;;;
327;130;5;;;;;;
328;130;11;;;;;;
329;130;13;;;;;;
330;130;15;;;;;;
331;131;13;;;;;;
332;131;15;;;;;;
333;132;4;;;;;;
334;132;11;;;;;;
335;132;13;;;;;;
336;133;4;;;;;;
337;133;11;;;;;;
338;133;13;;;;;;
339;133;21;;;;;;
340;134;11;;;;;;
341;134;13;;;;;                                                                                                                                                                                                                                                                                                                                                                                                                                                                                                                                                                                                                                                                                                                                                                                                                                                                       ;
342;134;15;;;;;;
343;134;25;;;;;;
344;135;4;;;;;;
345;135;13;;;;;;
346;135;14;;;;;;
347;135;21;;;;;;
348;135;25;;;;;;
349;136;4;;;;;;
350;136;7;;;;;;
351;136;13;;;;;;
352;136;28;;;;;;
353;137;4;;;;;;
354;137;7;;;;;;
355;137;13;;;;;;
356;138;2;;;;;;
357;138;11;;;;;;
358;138;13;;;;;;
359;139;7;;;;;;
360;139;9;;;;;;
361;139;11;;;;;;
362;139;13;;;;;;
363;140;11;;;;;;
364;141;4;;;;;;
365;141;6;;;;;;
366;141;9;;;;;;
367;141;11;;;;;;
368;141;13;;;;;;
369;141;19;;;;;;
370;141;24;;;;;;
371;142;4;;;;;;
372;142;13;;;;;;
373;143;4;;;;;;
374;143;13;;;;;;
375;144;4;;;;;;
376;144;13;;;;;;
377;144;25;;;;;;
378;145;4;;;;;;
379;145;13;;;;;;
380;145;21;;;;;;
381;146;4;;;;;;
382;146;11;;;;;;
383;146;13;;;;;;
384;147;11;;;;;;
385;148;11;;;;;;
386;149;4;;;;;;
387;149;11;;;;;;
388;149;13;;;;;;
389;149;21;;;;;;
390;150;11;;;;;;
391;151;6;;;;;;
392;151;9;;;;;;
393;151;11;;;;;;
394;151;13;;;;;;
395;151;15;;;;;;
396;152;3;;;;;;
397;152;6;;;;;;
398;152;13;;;;;;
399;153;6;;;;;;
400;153;9;;;;;;
401;153;11;;;;;;
402;153;13;;;;;;
403;153;15;;;;;;
404;154;3;;;;;;
405;154;11;;;;;;
406;155;11;;;;;;
407;155;25;;;;;;
408;156;11;;;;;;
409;157;11;;;;;;
410;157;13;;;;;;
411;158;9;;;;;;
412;158;11;;;;;;
413;158;13;;;;;;
414;158;15;;;;;;
415;160;11;;;;;;
416;160;21;;;;;;
417;161;6;;;;;;
418;161;9;;;;;;
419;161;11;;;;;;
420;161;13;;;;;;
421;161;19;;;;;;
422;162;1;;;;;;
423;162;13;;;;;;
424;162;18;;;;;;
425;162;21;;;;;;
426;163;5;;;;;;
427;163;11;;;;;;
428;163;13;;;;;;
429;163;26;;;;;;
430;165;3;;;;;;
431;165;5;;;;;;
432;165;11;;;;;;
433;165;13;;;;;;
434;165;15;;;;;;
435;165;26;;;;;;
436;166;11;;;;;;
437;166;21;;;;;;
438;167;6;;;;;;
439;167;9;;;;;;
440;167;11;;;;;;
441;167;13;;;;;;
442;167;28;;;;;;
443;168;6;;;;;;
444;168;9;;;;;;
445;168;11;;;;;;
446;168;13;;;;;;
447;168;16;;;;;;
448;168;21;;;;;;
449;169;6;;;;;;
450;169;9;;;;;;
451;169;11;;;;;;
452;169;13;;;;;;
453;169;16;;;;;;
454;169;21;;;;;;
455;170;11;;;;;;
456;171;6;;;;;;
457;171;9;;;;;;
458;171;11;;;;;;
459;171;13;;;;;;
460;171;15;;;;;;
461;171;21;;;;;;
462;172;6;;;;;;
463;172;9;;;;;;
464;172;11;;;;;;
465;172;13;;;;;;
466;174;1;;;;;;
467;174;13;;;;;;
468;175;4;;;;;;
469;175;32;;;;;;
470;176;1;;;;;;
471;176;6;;;;;;
472;176;11;;;;;;
473;176;13;;;;;;
474;176;21;;;;;;
475;177;6;;;;;;
476;177;9;;;;;;
477;178;5;;;;;;
478;178;11;;;;;;
479;178;13;;;;;;
480;178;14;;;;;;
481;178;26;;;;;;
482;179;21;;;;;;
483;179;32;;;;;;
484;180;4;;;;;;
485;180;5;;;;;;
486;180;11;;;;;;
487;180;13;;;;;;
488;181;11;;;;;;
489;181;21;;;;;;
490;182;2;;;;;;
491;182;11;;;;;;
492;182;13;;;;;;
493;182;21;;;;;;
494;183;11;;;;;;
495;183;13;;;;;;
496;183;26;;;;;;
497;184;11;;;;;;
498;185;11;;;;;;
499;185;13;;;;;;
500;185;15;;;;;;
501;185;21;;;;;;
502;186;13;;;;;;
503;186;15;;;;;;
504;187;1;;;;;;
505;187;11;;;;;;
506;187;13;;;;;;
507;188;6;;;;;;
508;188;9;;;;;;
509;188;13;;;;;;
510;188;21;;;;;;
511;188;28;;;;;;
512;189;4;;;;;;
513;189;13;;;;;;
514;189;21;;;;;;
515;190;4;;;;;;
516;190;11;;;;;;
517;190;13;;;;;;
518;190;21;;;;;;
519;190;22;;;;;;
520;190;28;;;;;;
521;191;5;;;;;;
522;191;11;;;;;;
523;191;13;;;;;;
524;191;15;;;;;;
525;191;26;;;;;;
526;192;6;;;;;;
527;192;9;;;;;;
528;192;11;;;;;;
529;192;21;;;;;;
530;192;28;;;;;;
531;193;5;;;;;;
532;193;11;;;;;;
533;193;13;;;;;;
534;193;15;;;;;;
535;194;4;;;;;;
536;194;6;;;;;;
537;194;11;;;;;;
538;194;13;;;;;;
539;194;21;;;;;;
540;194;23;;;;;;
541;194;25;;;;;;
542;195;6;;;;;;
543;195;9;;;;;;
544;196;5;;;;;;
545;196;13;;;;;;
546;197;11;;;;;;
547;197;15;;;;;;
548;197;21;;;;;;
549;198;15;;;;;;
550;199;4;;;;;;
551;199;5;;;;;;
552;199;11;;;;;;
553;199;13;;;;;;
554;199;26;;;;;;
555;200;11;;;;;;
556;201;4;;;;;;
557;201;6;;;;;;
558;201;11;;;;;;
559;201;13;;;;;;
560;201;21;;;;;;
561;201;22;;;;;;
562;202;4;;;;;;
563;202;11;;;;;;
564;202;13;;;;;;
565;203;13;;;;;;
566;203;15;;;;;;
567;204;18;;;;;;
568;205;4;;;;;;
569;205;11;;;;;;
570;205;13;;;;;;
571;205;21;;;;;;
572;205;25;;;;;;
573;206;11;;;;;;
574;206;19;;;;;;
575;207;1;;;;;;
576;207;11;;;;;;
577;207;13;;;;;;
578;207;21;;;;;;
579;207;26;;;;;;
580;208;11;;;;;;
581;208;13;;;;;;
582;208;15;;;;;;
583;210;11;;;;;;
584;210;13;;;;;;
585;210;15;;;;;;
586;212;1;;;;;;
587;212;11;;;;;;
588;213;13;;;;;;
589;214;11;;;;;;
590;214;13;;;;;;
591;214;15;;;;;;
592;215;4;;;;;;
593;215;11;;;;;;
594;215;13;;;;;;
595;215;25;;;;;;
596;216;4;;;;;;
597;216;11;;;;;;
598;216;13;;;;;;
599;216;15;;;;;;
600;216;21;;;;;;
601;216;25;;;;;;
602;217;5;;;;;;
603;217;11;;;;;;
604;217;13;;;;;;
605;217;15;;;;;;
606;218;13;;;;;;
607;218;14;;;;;;
608;218;17;;;;;;
609;218;18;;;;;;
610;218; ;;;;;;
611;219;18;;;;;;
612;219;28;;;;;;
613;220;2;;;;;;
614;220;6;;;;;;
615;220;13;;;;;;
616;221;4;;;;;;
617;221;11;;;;;;
618;221;12;;;;;;
619;221;13;;;;;;
620;222;4;;;;;;
621;222;11;;;;;;
622;223;1;;;;;;
623;223;28;;;;;;
624;224;4;;;;;;
625;225;11;;;;;;
626;225;15;;;;;;
627;226;4;;;;;;
628;226;11;;;;;;
629;226;21;;;;;;
630;226;25;;;;;;
631;228;11;;;;;;
632;228;15;;;;;;
633;228;18;;;;;;
634;229;4;;;;;;
635;229;11;;;;;;
636;229;15;;;;;;
637;229;21;;;;;;
638;231;18;;;;;;
639;231;21;;;;;;
640;232;11;;;;;;
641;232;15;;;;;;
642;232;20;;;;;;
643;232;21;;;;;;
644;233;11;;;;;;
645;233;15;;;;;;
646;233;19;;;;;;
647;233;20;;;;;;
648;233;  ;;;;;;
649;234;4;;;;;;
650;234;11;;;;;;
651;234; ;;;;;;
652;235;11;;;;;;
653;235;15;;;;;;
654;235;21;;;;;;
655;235;24;;;;;;
656;236;4;;;;;;
657;236;11;;;;;;
658;236; ;;;;;;
659;237;5;;;;;;
660;237;11;;;;;;
661;237;13;;;;;;
662;237;15;;;;;;
663;238;4;;;;;;
664;238;11;;;;;;
665;238;21;;;;;;
666;239;11;;;;;;
667;240;3;;;;;;
668;240;11;;;;;;
669;241;4;;;;;;
670;241;8;;;;;;
671;241;11;;;;;;
672;241;13;;;;;;
673;241;15;;;;;;
674;241;21;;;;;;
675;242;13;;;;;;
676;242;15;;;;;;
677;242;18;;;;;;
678;242;20;;;;;;
679;243;22;;;;;;
680;244;11;;;;;;
681;244;4;;;;;;
682;244;11;;;;;;
683;244;13;;;;;;
684;244;21;;;;;;
685;245; ;;;;;;
686;245;4;;;;;;
687;246;11;;;;;;
688;247;11;;;;;;
689;247;1;;;;;;
690;248;11;;;;;;
691;248;6;;;;;;
692;248;11;;;;;;
693;248;13;;;;;;
694;248;15;;;;;;
695;249;25;;;;;;
696;249;4;;;;;;
697;249;6;;;;;;
698;249;9;;;;;;
699;249;11;;;;;;
700;250;13;;;;;;
701;250;1;;;;;;
702;250;6;;;;;;
703;250;9;;;;;;
704;251;11;;;;;;
705;251;6;;;;;;
706;251;9;;;;;;
707;252;11;;;;;;
708;252;5;;;;;;
709;252;11;;;;;;
710;252;18;;;;;;
711;253;26;;;;;;
712;253;4;;;;;;
713;253;7;;;;;;
714;254;28;;;;;;
715;254;13;;;;;;
716;254;15;;;;;;
717;254;20;;;;;;
718;255;25;;;;;;
719;256;13;;;;;;
720;256;1;;;;;;
721;257;11;;;;;;
722;257;7;;;;;;
723;258;28;;;;;;
724;258;4;;;;;;
725;259;13;;;;;;
726;259;11;;;;;;
727;259;13;;;;;;
728;259;15;;;;;;
729;259;20;;;;;;
730;260;25;;;;;;
731;260;6;;;;;;
732;260;7;;;;;;
733;260;11;;;;;;
734;261;13;;;;;;
735;261;4;;;;;;
736;262;11;;;;;;
737;263;11;;;;;;
738;263;11;;;;;;
739;264;21;;;;;;
740;264;4;;;;;;
741;265;11;;;;;;
742;265;4;;;;;;
743;266;11;;;;;;
744;266;11;;;;;;
745;267;13;;;;;;
746;267;5;;;;;;
747;267;13;;;;;;
748;267;15;;;;;;
749;268;21;;;;;;
750;268;10;;;;;;
751;268;11;;;;;;
752;269;15;;;;;;
753;269;4;;;;;;
754;270;11;;;;;;
755;270;11;;;;;;
756;271;15;;;;;;
757;271;1;;;;;;
758;272;11;;;;;;
759;272;5;;;;;;
760;272;11;;;;;;
761;273;15;;;;;;
762;273;1;;;;;;
763;274;11;;;;;;
764;274;4;;;;;;
765;274;7;;;;;;
766;274;13;;;;;;
767;275;28;;;;;;
768;275;6;;;;;;
769;275;9;;;;;;
770;275;11;;;;;;
771;276;28;;;;;;
772;276;4;;;;;;
773;276;11;;;;;;
774;276;13;;;;;;
775;277;25;;;;;;
776;277;9;;;;;;
777;277;11;;;;;;
778;278;13;;;;;;
779;278;9;;;;;;
780;278;11;;;;;;
781;278;13;;;;;;
782;279;15;;;;;;
783;279;11;;;;;;
784;279;13;;;;;;
785;280;17;;;;;;
786;280;4;;;;;;
787;281;21;;;;;;
788;281;4;;;;;;
789;282;21;;;;;;
790;282;4;;;;;;
791;282;11;;;;;;
792;283;25;;;;;;
793;283;4;;;;;;
794;283;7;;;;;;
795;283;11;;;;;;
796;284;13;;;;;;
797;285;11;;;;;;
798;285;3;;;;;;
799;285;11;;;;;;
800;286;19;;;;;;
801;286;6;;;;;;
802;286;9;;;;;;
803;286;11;;;;;;
804;287;11;;;;;;
805;288;11;;;;;;
806;288;15;;;;;;
807;288;18;;;;;;
808;289;11;;;;;;
809;289;16;;;;;;
810;290;6;;;;;;
811;290;9;;;;;;
812;290;11;;;;;;
813;290;16;;;;;;
814;291;4;;;;;;
815;291;5;;;;;;
816;291;10;;;;;;
817;291;11;;;;;;
818;291;13;;;;;;
819;291;16;;;;;;
820;292;4;;;;;;
821;292;9;;;;;;
822;292;11;;;;;;
823;292;13;;;;;;
824;293;4;;;;;;
825;293;11;;;;;;
826;294;4;;;;;;
827;294;6;;;;;;
828;294;9;;;;;;
829;294;11;;;;;;
830;294;13;;;;;;
831;295;4;;;;;;
832;295;11;;;;;;
833;295;13;;;;;;
834;295;15;;;;;;
835;296;6;;;;;;
836;296;11;;;;;;
837;296;13;;;;;;
838;296;22;;;;;;
839;297;4;;;;;;
840;297;9;;;;;;
841;297;10;;;;;;
842;297;11;;;;;;
843;298;11;;;;;;
844;298;13;;;;;;
845;299;4;;;;;;
846;299;6;;;;;;
847;299;21;;;;;;
848;300;3;;;;;;
849;300;11;;;;;;
850;301;11;;;;;;
851;301;13;;;;;;
852;301;21;;;;;;
853;302;11;;;;;;
854;302;13;;;;;;
855;302;15;;;;;;
856;302;18;;;;;;
857;303;1;;;;;;
858;303;11;;;;;;
859;303;13;;;;;;
860;304;4;;;;;;
861;304;9;;;;;;
862;304;11;;;;;;
863;304;13;;;;;;
864;305;11;;;;;;
865;305;13;;;;;;
866;305;15;;;;;;
867;306;11;;;;;;
868;306;13;;;;;;
869;306;15;;;;;;
870;307;4;;;;;;
871;307;11;;;;;;
872;307;21;;;;;;
873;308;11;;;;;;
874;309;4;;;;;;
875;309;13;;;;;;
876;310;6;;;;;;
877;310;9;;;;;;
878;310;11;;;;;;
879;310;13;;;;;;
880;310;19;;;;;;
881;310;23;;;;;;
882;310;28;;;;;;
883;311;4;;;;;;
884;311;21;;;;;;
885;312;4;;;;;;
886;312;6;;;;;;
887;312;11;;;;;;
888;312;16;;;;;;
889;312;21;;;;;;
890;313;11;;;;;;
891;314;5;;;;;;
892;314;11;;;;;;
893;314;26;;;;;;
894;315;11;;;;;;
895;315;15;;;;;;
896;315;18;;;;;;
897;316;5;;;;;;
898;316;6;;;;;;
899;316;11;;;;;;
900;316;13;;;;;;
901;316;15;;;;;;
902;316;20;;;;;;
903;317;13;;;;;;
904;318;6;;;;;;
905;318;9;;;;;;
906;318;11;;;;;;
907;318;13;;;;;;
908;318;15;;;;;;
909;319;11;;;;;;
910;319;13;;;;;;
911;319;18;;;;;;
912;319;19;;;;;;
913;319;20;;;;;;
914;319;22;;;;;;
915;319;24;;;;;;
916;320;3;;;;;;
917;321;3;;;;;;
918;321;4;;;;;;
919;321;11;;;;;;
920;321;21;;;;;;
921;321;25;;;;;;
922;322;6;;;;;;
923;322;9;;;;;;
924;322;11;;;;;;
925;322;13;;;;;;
926;322;15;;;;;;
927;322;18;;;;;;
928;323;4;;;;;;
929;323;11;;;;;;
930;323;13;;;;;;
931;323;21;;;;;;
932;324;4;;;;;;
933;324;6;;;;;;
934;324;9;;;;;;
935;324;11;;;;;;
936;324;13;;;;;;
937;324;19;;;;;;
938;324;28;;;;;;
939;325;4;;;;;;
940;326;4;;;;;;
941;326;13;;;;;;
942;326;32;;;;;;
943;327;4;;;;;;
944;327;5;;;;;;
945;327;10;;;;;;
946;327;18;;;;;;
947;328;13;;;;;;
948;328;21;;;;;;
949;329;5;;;;;;
950;329;6;;;;;;
951;329;9;;;;;;
952;329;11;;;;;;
953;329;13;;;;;;
954;329;28;;;;;;
955;330;3;;;;;;
956;330;9;;;;;;
957;330;13;;;;;;
958;330;15;;;;;;
959;330;18;;;;;;
960;331;11;;;;;;
961;331;13;;;;;;
962;331;15;;;;;;
963;331;18;;;;;;
964;332;11;;;;;;
965;332;13;;;;;;
966;332;15;;;;;;
967;332;20;;;;;;
968;333;11;;;;;;
969;333;13;;;;;;
970;333;15;;;;;;
971;333;17;;;;;;
972;333;18;;;;;;
973;333;20;;;;;;
974;333;24;;;;;;
975;334;6;;;;;;
976;334;11;;;;;;
977;334;13;;;;;;
978;334;15;;;;;;
979;334;25;;;;;;
980;335;4;;;;;;
981;335;21;;;;;;
982;335;25;;;;;;
983;336;4;;;;;;
984;336;6;;;;;;
985;336;9;;;;;;
986;336;11;;;;;;
987;336;21;;;;;;
988;336;25;;;;;;
989;337;5;;;;;;
990;337;11;;;;;;
991;337;12;;;;;;
992;337;26;;;;;;
993;338;4;;;;;;
994;338;6;;;;;;
995;338;7;;;;;;
996;338;11;;;;;;
997;338;13;;;;;;
998;338;17;;;;;;
999;338;18;;;;;;
1000;338;28;;;;;;
1001;339;4;;;;;;
1002;339;5;;;;;;
1003;339;10;;;;;;
1004;339;11;;;;;;
1005;339;18;;;;;;
1006;340;4;;;;;;
1007;340;13;;;;;;
1008;341;4;;;;;;
1009;341;11;;;;;;
1010;342;4;;;;;;
1011;342;5;;;;;;
1012;342;10;;;;;;
1013;342;11;;;;;;
1014;342;21;;;;;;
1015;343;9;;;;;;
1016;343;11;;;;;;
1017;343;13;;;;;;
1018;344;4;;;;;;
1019;344;11;;;;;;
1020;344;13;;;;;;
1021;344;25;;;;;;
1022;345;6;;;;;;
1023;345;11;;;;;;
1024;345;15;;;;;;
1025;345;19;;;;;;
1026;346;11;;;;;;
1027;346;15;;;;;;
1028;346;21;;;;;;
1029;347;4;;;;;;
1030;347;11;;;;;;
1031;347;13;;;;;;
1032;347;15;;;;;;
1033;347;17;;;;;;
1034;347;20;;;;;;
1035;347;21;;;;;;
1036;348;4;;;;;;
1037;348;6;;;;;;
1038;348;10;;;;;;
1039;348;15;;;;;;
1040;348;16;;;;;;
1041;349;11;;;;;;
1042;349;13;;;;;;
1043;349;15;;;;;;
1044;350;6;;;;;;
1045;350;11;;;;;;
1046;350;12;;;;;;
1047;350;13;;;;;;
1048;350;15;;;;;;
1049;350;20;;;;;;
1050;350;22;;;;;;
1051;350;24;;;;;;
1052;351;4;;;;;;
1053;351;11;;;;;;
1054;351;12;;;;;;
1055;352;8;;;;;;
1056;352;9;;;;;;
1057;352;11;;;;;;
1058;352;19;;;;;;
1059;352;26;;;;;;
1060;353;6;;;;;;
1061;353;9;;;;;;
1062;353;11;;;;;;
1063;353;16;;;;;;
1064;354;4;;;;;;
1065;354;6;;;;;;
1066;354;11;;;;;;
1067;354;13;;;;;;
1068;354;22;;;;;;
1069;354;32;;;;;;
1070;355;6;;;;;;
1071;355;9;;;;;;
1072;355;13;;;;;;
1073;355;16;;;;;;
1074;355;27;;;;;;
1075;355;28;;;;;;
1076;355;31;;;;;;
1077;356;3;;;;;;
1078;356;4;;;;;;
1079;356;11;;;;;;
1080;356;15;;;;;;
1081;356;22;;;;;;
1082;356;25;;;;;;
1083;357;6;;;;;;
1084;357;11;;;;;;
1085;357;13;;;;;;
1086;357;15;;;;;;
1087;358;4;;;;;;
1088;358;9;;;;;;
1089;358;11;;;;;;
1090;358;13;;;;;;
1091;358;19;;;;;;
1092;358;21;;;;;;
1093;359;4;;;;;;
1094;359;6;;;;;;
1095;359;11;;;;;;
1096;359;13;;;;;;
1097;360;11;;;;;;
1098;360;15;;;;;;
1099;360;20;;;;;;
1100;361;4;;;;;;
1101;361;11;;;;;;
1102;361;13;;;;;;
1103;361;15;;;;;;
1104;361;17;;;;;;
1105;362;2;;;;;;
1106;362;4;;;;;;
1107;362;6;;;;;;
1108;362;9;;;;;;
1109;362;16;;;;;;
1110;363;4;;;;;;
1111;364;11;;;;;;
1112;365;4;;;;;;
1113;365;10;;;;;;
1114;365;11;;;;;;
1115;365;12;;;;;;
1116;365;13;;;;;;
1117;365;21;;;;;;
1118;366;11;;;;;;
1119;366;18;;;;;;
1120;367;4;;;;;;
1121;367;11;;;;;;
1122;367;12;;;;;;
1123;367;13;;;;;;
1124;368;3;;;;;;
1125;368;4;;;;;;
1126;368;11;;;;;;
1127;368;13;;;;;;
1128;369;6;;;;;;
1129;369;11;;;;;;
1130;369;15;;;;;;
1131;370;4;;;;;;
1132;370;11;;;;;;
1133;371;4;;;;;;
1134;371;6;;;;;;
1135;371;11;;;;;;
1136;371;17;;;;;;
1137;371;19;;;;;;
1138;372;15;;;;;;
1139;372;22;;;;;;
1140;373;11;;;;;;
1141;373;15;;;;;;
1142;373;20;;;;;;
1143;373;25;;;;;;
1144;374;6;;;;;;
1145;374;9;;;;;;
1146;374;13;;;;;;
1147;374;28;;;;;;
1148;375;6;;;;;;
1149;375;11;;;;;;
1150;375;13;;;;;;
1151;375;19;;;;;;
1152;375;30;;;;;;
1153;376;11;;;;;;
1154;376;15;;;;;;
1155;376;19;;;;;;
1156;376;20;;;;;;
1157;376;21;;;;;;
1158;377;6;;;;;;
1159;377;11;;;;;;
1160;377;16;;;;;;
1161;378;4;;;;;;
1162;378;5;;;;;;
1163;378;6;;;;;;
1164;378;9;;;;;;
1165;378;16;;;;;;
1166;379;4;;;;;;
1167;379;9;;;;;;
1168;379;11;;;;;;
1169;379;13;;;;;;
1170;379;15;;;;;;
1171;379;17;;;;;;
1172;379;20;;;;;;
1173;380;11;;;;;;
1174;381;6;;;;;;
1175;381;9;;;;;;
1176;381;13;;;;;;
1177;382;11;;;;;;
1178;382;15;;;;;;
1179;382;21;;;;;;
1180;382;25;;;;;;
1181;383;6;;;;;;
1182;383;11;;;;;;
1183;383;19;;;;;;
1184;384;4;;;;;;
1185;384;12;;;;;;
1186;384;13;;;;;;
1187;384;17;;;;;;
1188;385;4;;;;;;
1189;385;13;;;;;;
1190;385;21;;;;;;
1191;386;11;;;;;;
1192;386;13;;;;;;
1193;386;14;;;;;;
1194;386;15;;;;;;
1195;386;16;;;;;;
1196;386;20;;;;;;
1197;386;25;;;;;;
1198;387;6;;;;;;
1199;387;9;;;;;;
1200;387;11;;;;;;
1201;387;13;;;;;;
1202;387;15;;;;;;
1203;387;16;;;;;;
1204;387;17;;;;;;
1205;387;20;;;;;;
1206;387;22;;;;;;
1207;388;6;;;;;;
1208;388;9;;;;;;
1209;388;11;;;;;;
1210;388;13;;;;;;
1211;389;6;;;;;;
1212;389;7;;;;;;
1213;389;9;;;;;;
1214;389;11;;;;;;
1215;389;14;;;;;;
1216;389;18;;;;;;
1217;389;28;;;;;;
1218;390;6;;;;;;
1219;390;9;;;;;;
1220;390;11;;;;;;
1221;390;13;;;;;;
1222;390;20;;;;;;
1223;390;22;;;;;;
1224;390;28;;;;;;
1225;391;11;;;;;;
1226;391;16;;;;;;
1227;391;27;;;;;;
1228;392;6;;;;;;
1229;392;9;;;;;;
1230;392;11;;;;;;
1231;392;13;;;;;;
1232;392;22;;;;;;
1233;392;28;;;;;;
1234;393;6;;;;;;
1235;393;9;;;;;;
1236;393;11;;;;;;
1237;393;13;;;;;;
1238;393;19;;;;;;
1239;394;4;;;;;;
1240;394;11;;;;;;
1241;395;7;;;;;;
1242;395;8;;;;;;
1243;395;9;;;;;;
1244;395;11;;;;;;
1245;395;13;;;;;;
1246;395;18;;;;;;
1247;395;26;;;;;;
1248;395;27;;;;;;
1249;395;28;;;;;;
1250;396;6;;;;;;
1251;396;7;;;;;;
1252;396;9;;;;;;
1253;396;11;;;;;;
1254;396;13;;;;;;
1255;396;18;;;;;;
1256;396;28;;;;;;
1257;397;4;;;;;;
1258;397;11;;;;;;
1259;397;13;;;;;;
1260;397;15;;;;;;
1261;397;18;;;;;;
1262;397;25;;;;;;
1263;398;6;;;;;;
1264;398;9;;;;;;
1265;398;11;;;;;;
1266;398;13;;;;;;
1267;398;19;;;;;;
1268;399;11;;;;;;
1269;399;12;;;;;;
1270;399;13;;;;;;
1271;399; ;;;;;;
1272;400;11;;;;;;
1273;400;13;;;;;;
1274;400;15;;;;;;
1275;400;18;;;;;;
1276;401;13;;;;;;
1277;401;15;;;;;;
1278;401;18;;;;;;
1279;402;5;;;;;;
1280;402;6;;;;;;
1281;402;11;;;;;;
1282;402;13;;;;;;
1283;402;26;;;;;;
1284;403;11;;;;;;
1285;403;13;;;;;;
1286;403;15;;;;;;
1287;404;6;;;;;;
1288;404;11;;;;;;
1289;404;16;;;;;;
1290;404;27;;;;;;
1291;405;6;;;;;;
1292;405;9;;;;;;
1293;405;11;;;;;;
1294;405;13;;;;;;
1295;405;16;;;;;;
1296;406;4;;;;;;
1297;406;5;;;;;;
1298;406;10;;;;;;
1299;406;12;;;;;;
1300;406;26;;;;;;
1301;407;6;;;;;;
1302;407;7;;;;;;
1303;407;8;;;;;;
1304;407;9;;;;;;
1305;407;11;;;;;;
1306;407;13;;;;;;
1307;407;16;;;;;;
1308;407;22;;;;;;
1309;408;6;;;;;;
1310;408;9;;;;;;
1311;408;11;;;;;;
1312;408;13;;;;;;
1313;409;11;;;;;;
1314;409;13;;;;;;
1315;409;32;;;;;;
1316;410;11;;;;;;
1317;410;13;;;;;;
1318;411;6;;;;;;
1319;411;7;;;;;;
1320;411;11;;;;;;
1321;411;13;;;;;;
1322;411;18;;;;;;
1323;411;28;;;;;;
1324;412;4;;;;;;
1325;412;5;;;;;;
1326;412;10;;;;;;
1327;412;11;;;;;;
1328;413;6;;;;;;
1329;413;9;;;;;;
1330;413;11;;;;;;
1331;413;13;;;;;;
1332;413;15;;;;;;
1333;413;16;;;;;;
1334;413;20;;;;;;
1335;414;11;;;;;;
1336;415;11;;;;;;
1337;415;13;;;;;;
1338;415;19;;;;;;
1339;415;21;;;;;;
1340;416;6;;;;;;
1341;416;9;;;;;;
1342;416;11;;;;;;
1343;416;13;;;;;;
1344;416;15;;;;;;
1345;416;19;;;;;;
1346;417;6;;;;;;
1347;417;9;;;;;;
1348;417;11;;;;;;
1349;417;13;;;;;;
1350;417;19;;;;;;
1351;417;28;;;;;;
1352;418;2;;;;;;
1353;418;4;;;;;;
1354;418;6;;;;;;
1355;418;9;;;;;;
1356;418;16;;;;;;
1357;418;21;;;;;;
1358;418;22;;;;;;
1359;418;25;;;;;;
1360;418;27;;;;;;
1361;419;4;;;;;;
1362;419;10;;;;;;
1363;419;11;;;;;;
1364;420;7;;;;;;
1365;420;9;;;;;;
1366;420;11;;;;;;
1367;420;13;;;;;;
1368;420;15;;;;;;
1369;421;11;;;;;;
1370;421;13;;;;;;
1371;422;6;;;;;;
1372;422;9;;;;;;
1373;422;11;;;;;;
1374;422;13;;;;;;
1375;422;16;;;;;;
1376;422;19;;;;;;
1377;422;24;;;;;;
1378;423;4;;;;;;
1379;423;11;;;;;;
1380;423;13;;;;;;
1381;423;15;;;;;;
1382;423;20;;;;;;
1383;423;22;;;;;;
1384;424;6;;;;;;
1385;424;9;;;;;;
1386;424;11;;;;;;
1387;424;16;;;;;;
1388;424;21;;;;;;
1389;425;6;;;;;;
1390;425;11;;;;;;
1391;425;14;;;;;;
1392;425;20;;;;;;
1393;425;21;;;;;;
1394;425;32;;;;;;
1395;426;6;;;;;;
1396;426;9;;;;;;
1397;426;11;;;;;;
1398;426;13;;;;;;
1399;426;15;;;;;;
1400;426;21;;;;;;
1401;427;4;;;;;;
1402;427;11;;;;;;
1403;427;32;;;;;;
1404;428;6;;;;;;
1405;428;11;;;;;;
1406;428;15;;;;;;
1407;428;16;;;;;;
1408;429;4;;;;;;
1409;429;6;;;;;;
1410;429;11;;;;;;
1411;429;17;;;;;;
1412;429;19;;;;;;
1413;429;22;;;;;;
1414;430;4;;;;;;
1415;431;6;;;;;;
1416;431;13;;;;;;
1417;431;15;;;;;;
1418;431;18;;;;;;
1419;432;6;;;;;;
1420;432;9;;;;;;
1421;432;11;;;;;;
1422;432;13;;;;;;
1423;432;17;;;;;;
1424;432;19;;;;;;
1425;432;22;;;;;;
1426;432;28;;;;;;
1427;433;16;;;;;;
1428;434;3;;;;;;
1429;434;6;;;;;;
1430;434;9;;;;;;
1431;434;11;;;;;;
1432;434;13;;;;;;
1433;434;16;;;;;;
1434;434;17;;;;;;
1435;434;31;;;;;;
1436;435;4;;;;;;
1437;435;10;;;;;;
1438;435;11;;;;;;
1439;435;21;;;;;;
1440;435;29;;;;;;
1441;436;2;;;;;;
1442;436;4;;;;;;
1443;436;10;;;;;;
1444;436;11;;;;;;
1445;436;13;;;;;;
1446;436;21;;;;;;
1447;437;3;;;;;;
1448;437;6;;;;;;
1449;437;9;;;;;;
1450;437;16;;;;;;
1451;438;6;;;;;;
1452;438;11;;;;;;
1453;438;15;;;;;;
1454;438;17;;;;;;
1455;438;22;;;;;;
1456;439;6;;;;;;
1457;439;9;;;;;;
1458;439;11;;;;;;
1459;439;13;;;;;;
1460;439;15;;;;;;
1461;439;18;;;;;;
1462;439;19;;;;;;
1463;439;25;;;;;;
1464;440;4;;;;;;
1465;440;16;;;;;;
1466;440;25;;;;;;
1467;441;15;;;;;;
1468;442;4;;;;;;
1469;442;6;;;;;;
1470;442;11;;;;;;
1471;442;13;;;;;;
1472;442;17;;;;;;
1473;442;21;;;;;;
1474;442;30;;;;;;
1475;443;2;;;;;;
1476;443;4;;;;;;
1477;443;11;;;;;;
1478;443;13;;;;;;
1479;443;21;;;;;;
1480;443;29;;;;;;
1481;444;2;;;;;;
1482;444;6;;;;;;
1483;444;9;;;;;;
1484;444;11;;;;;;
1485;444;13;;;;;;
1486;444;16;;;;;;
1487;444;19;;;;;;
1488;444;22;;;;;;
1489;444;24;;;;;;
1490;445;6;;;;;;
1491;445;11;;;;;;
1492;445;16;;;;;;
1493;446;4;;;;;;
1494;446;11;;;;;;
1495;446;31;;;;;;
1496;447;11;;;;;;
1497;448;11;;;;;;
1498;448;12;;;;;;
1499;448;13;;;;;;
;;;;;;;;
;;;;;;;;
;;;;;;;;
;;;;;;;;
;;;;;;;;
;;;;;;;;
;;;;;;;;
;;;;;;;;
;;;;;;;;
;;;;;;;;
;;;;;;;;
;;;;;;;;